id,sequence
350,----------------------------------------------------TATT--------------------------------GCGTAAAGCATCAGT-------------TTTCTGATACAAGG---
518,----------------------------------------------------TATT--------------------------------GCGTAAAGCATCAGT-------------TTTCTGATACAAGG---
519,----------------------------------------------------TATT--------------------------------GCGTAAAGCATCAGT-------------TTTCTGATACAAGG---
520,----------------------------------------------------TATT--------------------------------GCGTAAAGCATCAGT-------------TTTCTGATACAAGG---
521,----------------------------------------------------TATT--------------------------------GCGTAAAGCATCAGT-------------TTTCTGATACAAGG---
522,----------------------------------------------------TATT--------------------------------GCGTAAAGCATCAGT-------------TTTCTGATACAAGG---
523,----------------------------------------------------TATT--------------------------------GCGTAAAGCATCAGT-------------TTTCTGATACAAGG---
524,----------------------------------------------------TATT--------------------------------GCGTAAAGCATCAGT-------------TTTCTGATACAAGG---
525,----------------------------------------------------TATT--------------------------------GCGTAAAGCATCAGT-------------TTTCTGATACAAGG---
526,----------------------------------------------------TATT--------------------------------GCGTAAAGCATCAGT-------------TTTCTGATACAAGG---
527,----------------------------------------------------TATT--------------------------------GCGTAAAGCATCAGT-------------TTTCTGATACAAGG---
528,----------------------------------------------------TATT--------------------------------GCGTAAAGCATCAGT-------------TTTCTGATACAAGG---
529,----------------------------------------------------TATT--------------------------------GCGTAAAGCATCAGT-------------TTTCTGATACAAGG---
530,----------------------------------------------------TATT--------------------------------GCGTAAAGCATCAGT-------------TTTCTGATACAAGG---
531,----------------------------------------------------TATT--------------------------------GCGTAAAGCATCAGT-------------TTTCTGATACAAGG---
532,----------------------------------------------------TATT--------------------------------GCGTAAAGCATCAGT-------------TTTCTGATACAAGG---
533,----------------------------------------------------TATT--------------------------------GCGTAAAGCATCAGT-------------TTTCTGATACAAGG---
534,----------------------------------------------------TATT--------------------------------GCGTAAAGCATCAGT-------------TTTCTGATACAAGG---
535,----------------------------------------------------TATT--------------------------------GCGTAAAGCATCAGT-------------TTTCTGATACAAGG---
536,----------------------------------------------------TATT--------------------------------GCGTAAAGCATCAGT-------------TTTCTGATACAAGG---
537,----------------------------------------------------TATT--------------------------------GCGTAAAGCATCAGT-------------TTTCTGATACAAGG---
538,----------------------------------------------------TATT--------------------------------GCGTAAAGCATCAGT-------------TTTCTGATACAAGG---
539,----------------------------------------------------TATT--------------------------------GCGTAAAGCATCAGT-------------TTTCTGATACAAGG---
540,----------------------------------------------------TATT--------------------------------GCGTAAAGCATCAGT-------------TTTCTGATACAAGG---
541,----------------------------------------------------TATT--------------------------------GCGTAAAGCATCAGT-------------TTTCTGATACAAGG---
542,----------------------------------------------------TATT--------------------------------GCGTAAAGCATCAGT-------------TTTCTGATACAAGG---
543,----------------------------------------------------TATT--------------------------------GCGTAAAGCATCAGT-------------TTTCTGATACAAGG---
544,----------------------------------------------------TATT--------------------------------GCGTAAAGCATCAGT-------------TTTCTGATACAAGG---
384,--------------AGCACGC---ATGACTTTGATGCCACG----TAAAGTG-AAA-GAGC---TGTTGATCTGTCA------G--CGACACGAA---------------------ATGGTGATGCCCT----
385,--------------AGCACGC---ATGACTTTGATGCCACG----TAAAGTG-AAA-GAGC---TGTTGATCTGTCA------G--CGACACGAA---------------------ATGGTGATGCCCT----
386,--------------AGCACGC---ATGACTTTGATGCCACG----TAAAGTG-AAA-GAGC---TGTTGATCTGTCA------G--CGACACGAA---------------------ATGGTGATGCCCT----
387,--------------AGCACGC---ATGACTTTGATGCCACG----TAAAGTG-AAA-GAGC---TGTTGATCTGTCA------G--CGACACGAA---------------------ATGGTGATGCCCT----
388,--------------AGCACGC---ATGACTTTGATGCCACG----TAAAGTG-AAA-GAGC---TGTTGATCTGTCA------G--CGACACGAA---------------------ATGGTGATGCCCT----
389,--------------AGCACGC---ATGACTTTGATGCCACG----TAAAGTG-AAA-GAGC---TGTTGATCTGTCA------G--CGACACGAA---------------------ATGGTGATGCCCT----
390,--------------AGCACGC---ATGACTTTGATGCCACG----TAAAGTG-AAA-GAGC---TGTTGATCTGTCA------G--CGACACGAA---------------------ATGGTGATGCCCT----
391,--------------AGCACGC---ATGACTTTGATGCCACG----TAAAGTG-AAA-GAGC---TGTTGATCTGTCA------G--CGACACGAA---------------------ATGGTGATGCCCT----
392,--------------AGCACGC---ATGACTTTGATGCCACG----TAAAGTG-AAA-GAGC---TGTTGATCTGTCA------G--CGACACGAA---------------------ATGGTGATGCCCT----
393,--------------AGCACGC---ATGACTTTGATGCCACG----TAAAGTG-AAA-GAGC---TGTTGATCTGTCA------G--CGACACGAA---------------------ATGGTGATGCCCT----
394,--------------AGCACGC---ATGACTTTGATGCCACG----TAAAGTG-AAA-GAGC---TGTTGATCTGTCA------G--CGACACGAA---------------------ATGGTGATGCCCT----
395,--------------AGCACGC---ATGACTTTGATGCCACG----TAAAGTG-AAA-GAGC---TGTTGATCTGTCA------G--CGACACGAA---------------------ATGGTGATGCCCT----
396,--------------AGCACGC---ATGACTTTGATGCCACG----TAAAGTG-AAA-GAGC---TGTTGATCTGTCA------G--CGACACGAA---------------------ATGGTGATGCCCT----
397,--------------AGCACGC---ATGACTTTGATGCCACG----TAAAGTG-AAA-GAGC---TGTTGATCTGTCA------G--CGACACGAA---------------------ATGGTGATGCCCT----
398,--------------AGCACGC---ATGACTTTGATGCCACG----TAAAGTG-AAA-GAGC---TGTTGATCTGTCA------G--CGACACGAA---------------------ATGGTGATGCCCT----
399,--------------AGCACGC---ATGACTTTGATGCCACG----TAAAGTG-AAA-GAGC---TGTTGATCTGTCA------G--CGACACGAA---------------------ATGGTGATGCCCT----
400,--------------AGCACGC---ATGACTTTGATGCCACG----TAAAGTG-AAA-GAGC---TGTTGATCTGTCA------G--CGACACGAA---------------------ATGGTGATGCCCT----
401,--------------AGCACGC---ATGACTTTGATGCCACG----TAAAGTG-AAA-GAGC---TGTTGATCTGTCA------G--CGACACGAA---------------------ATGGTGATGCCCT----
402,--------------AGCACGC---ATGACTTTGATGCCACG----TAAAGTG-AAA-GAGC---TGTTGATCTGTCA------G--CGACACGAA---------------------ATGGTGATGCCCT----
403,--------------AGCACGC---ATGACTTTGATGCCACG----TAAAGTG-AAA-GAGC---TGTTGATCTGTCA------G--CGACACGAA---------------------ATGGTGATGCCCT----
404,--------------AGCACGC---ATGACTTTGATGCCACG----TAAAGTG-AAA-GAGC---TGTTGATCTGTCA------G--CGACACGAA---------------------ATGGTGATGCCCT----
405,--------------AGCACGC---ATGACTTTGATGCCACG----TAAAGTG-AAA-GAGC---TGTTGATCTGTCA------G--CGACACGAA---------------------ATGGTGATGCCCT----
406,--------------AGCACGC---ATGACTTTGATGCCACG----TAAAGTG-AAA-GAGC---TGTTGATCTGTCA------G--CGACACGAA---------------------ATGGTGATGCCCT----
407,--------------AGCACGC---ATGACTTTGATGCCACG----TAAAGTG-AAA-GAGC---TGTTGATCTGTCA------G--CGACACGAA---------------------ATGGTGATGCCCT----
408,--------------AGCACGC---ATGACTTTGATGCCACG----TAAAGTG-AAA-GAGC---TGTTGATCTGTCA------G--CGACACGAA---------------------ATGGTGATGCCCT----
409,--------------AGCACGC---ATGACTTTGATGCCACG----TAAAGTG-AAA-GAGC---TGTTGATCTGTCA------G--CGACACGAA---------------------ATGGTGATGCCCT----
410,--------------AGCACGC---ATGACTTTGATGCCACG----TAAAGTG-AAA-GAGC---TGTTGATCTGTCA------G--CGACACGAA---------------------ATGGTGATGCCCT----
411,--------------AGCACGC---ATGACTTTGATGCCACG----TAAAGTG-AAA-GAGC---TGTTGATCTGTCA------G--CGACACGAA---------------------ATGGTGATGCCCT----
412,--------------AGCACGC---ATGACTTTGATGCCACG----TAAAGTG-AAA-GAGC---TGTTGATCTGTCA------G--CGACACGAA---------------------ATGGTGATGCCCT----
413,--------------AGCACGC---ATGACTTTGATGCCACG----TAAAGTG-AAA-GAGC---TGTTGATCTGTCA------G--CGACACGAA---------------------ATGGTGATGCCCT----
414,--------------AGCACGC---ATGACTTTGATGCCACG----TAAAGTG-AAA-GAGC---TGTTGATCTGTCA------G--CGACACGAA---------------------ATGGTGATGCCCT----
415,--------------AGCACGC---ATGACTTTGATGCCACG----TAAAGTG-AAA-GAGC---TGTTGATCTGTCA------G--CGACACGAA---------------------ATGGTGATGCCCT----
416,--------------AGCACGC---ATGACTTTGATGCCACG----TAAAGTG-AAA-GAGC---TGTTGATCTGTCA------G--CGACACGAA---------------------ATGGTGATGCCCT----
417,--------------AGCACGC---ATGACTTTGATGCCACG----TAAAGTG-AAA-GAGC---TGTTGATCTGTCA------G--CGACACGAA---------------------ATGGTGATGCCCT----
418,--------------AGCACGC---ATGACTTTGATGCCACG----TAAAGTG-AAA-GAGC---TGTTGATCTGTCA------G--CGACACGAA---------------------ATGGTGATGCCCT----
419,--------------AGCACGC---ATGACTTTGATGCCACG----TAAAGTG-AAA-GAGC---TGTTGATCTGTCA------G--CGACACGAA---------------------ATGGTGATGCCCT----
420,--------------AGCACGC---ATGACTTTGATGCCACG----TAAAGTG-AAA-GAGC---TGTTGATCTGTCA------G--CGACACGAA---------------------ATGGTGATGCCCT----
421,--------------AGCACGC---ATGACTTTGATGCCACG----TAAAGTG-AAA-GAGC---TGTTGATCTGTCA------G--CGACACGAA---------------------ATGGTGATGCCCT----
422,--------------AGCACGC---ATGACTTTGATGCCACG----TAAAGTG-AAA-GAGC---TGTTGATCTGTCA------G--CGACACGAA---------------------ATGGTGATGCCCT----
423,--------------AGCACGC---ATGACTTTGATGCCACG----TAAAGTG-AAA-GAGC---TGTTGATCTGTCA------G--CGACACGAA---------------------ATGGTGATGCCCT----
424,--------------AGCACGC---ATGACTTTGATGCCACG----TAAAGTG-AAA-GAGC---TGTTGATCTGTCA------G--CGACACGAA---------------------ATGGTGATGCCCT----
154,--------------------------------------------------------------------------------------TTTACCCAAGAAGGGGTGC-----GT-ACTATGCTACCTTATTAACG
479,--------------------------------------------------------------------------------------TTTACCCAAGAAGGGGTGC-----GT-ACTATGCTACCTTATTAACG
480,--------------------------------------------------------------------------------------TTTACCCAAGAAGGGGTGC-----GT-ACTATGCTACCTTATTAACG
481,--------------------------------------------------------------------------------------TTTACCCAAGAAGGGGTGC-----GT-ACTATGCTACCTTATTAACG
482,--------------------------------------------------------------------------------------TTTACCCAAGAAGGGGTGC-----GT-ACTATGCTACCTTATTAACG
483,--------------------------------------------------------------------------------------TTTACCCAAGAAGGGGTGC-----GT-ACTATGCTACCTTATTAACG
484,--------------------------------------------------------------------------------------TTTACCCAAGAAGGGGTGC-----GT-ACTATGCTACCTTATTAACG
485,--------------------------------------------------------------------------------------TTTACCCAAGAAGGGGTGC-----GT-ACTATGCTACCTTATTAACG
486,--------------------------------------------------------------------------------------TTTACCCAAGAAGGGGTGC-----GT-ACTATGCTACCTTATTAACG
487,--------------------------------------------------------------------------------------TTTACCCAAGAAGGGGTGC-----GT-ACTATGCTACCTTATTAACG
488,--------------------------------------------------------------------------------------TTTACCCAAGAAGGGGTGC-----GT-ACTATGCTACCTTATTAACG
489,--------------------------------------------------------------------------------------TTTACCCAAGAAGGGGTGC-----GT-ACTATGCTACCTTATTAACG
490,--------------------------------------------------------------------------------------TTTACCCAAGAAGGGGTGC-----GT-ACTATGCTACCTTATTAACG
491,--------------------------------------------------------------------------------------TTTACCCAAGAAGGGGTGC-----GT-ACTATGCTACCTTATTAACG
492,--------------------------------------------------------------------------------------TTTACCCAAGAAGGGGTGC-----GT-ACTATGCTACCTTATTAACG
493,--------------------------------------------------------------------------------------TTTACCCAAGAAGGGGTGC-----GT-ACTATGCTACCTTATTAACG
494,--------------------------------------------------------------------------------------TTTACCCAAGAAGGGGTGC-----GT-ACTATGCTACCTTATTAACG
495,--------------------------------------------------------------------------------------TTTACCCAAGAAGGGGTGC-----GT-ACTATGCTACCTTATTAACG
496,--------------------------------------------------------------------------------------TTTACCCAAGAAGGGGTGC-----GT-ACTATGCTACCTTATTAACG
497,--------------------------------------------------------------------------------------TTTACCCAAGAAGGGGTGC-----GT-ACTATGCTACCTTATTAACG
498,--------------------------------------------------------------------------------------TTTACCCAAGAAGGGGTGC-----GT-ACTATGCTACCTTATTAACG
499,--------------------------------------------------------------------------------------TTTACCCAAGAAGGGGTGC-----GT-ACTATGCTACCTTATTAACG
500,--------------------------------------------------------------------------------------TTTACCCAAGAAGGGGTGC-----GT-ACTATGCTACCTTATTAACG
501,--------------------------------------------------------------------------------------TTTACCCAAGAAGGGGTGC-----GT-ACTATGCTACCTTATTAACG
502,--------------------------------------------------------------------------------------TTTACCCAAGAAGGGGTGC-----GT-ACTATGCTACCTTATTAACG
503,--------------------------------------------------------------------------------------TTTACCCAAGAAGGGGTGC-----GT-ACTATGCTACCTTATTAACG
155,--------------------------------------------------------------------------------------TTGACCCAAGAAGGGGTGA-----CT-ACTTTGCTACGTTATTCCAC
153,---------------------CAAAGATGCCAGCATGCTATTCT-CCG-------A-GCCG-------------------------------------------------------GTCGAAATA--------
359,---------------------CAAAGATGCCAGCATGCTATTCT-CCG-------A-GCCG-------------------------------------------------------GTCGAAATA--------
372,---------------------TTTCGCCATCTTTAGGAATATCTATTC------CA-CGGC---TCACGAAATA------------------------------------------GTGACTCGTGAC-----
337,---------------------TTTCGCCATCTTTGAGGTGATTTCCTTTTGG-AAA-TGAA---ATAACGTATA------------------------------------------GTGACTCGTGAC-----
338,---------------------TTTCGCCATCTTTGAGGTGATTTCCTTTTGG-AAA-TGAA---GTAACATATA------------------------------------------GTGACTCGTGAC-----
340,---------------------TTTCGCCATCTTTAGGTT------TCCTTTT-GGA-AAGG---GCAGCGTATA------------------------------------------GTGACTCGTGAC-----
341,---------------------TTTCGCCATCTTTAGGCG--T------CTTT-TGA-CGGG---GCAGCGTATA------------------------------------------GTGACTCGTGAC-----
339,---------------------TTTCGCCATCTTTAGGCG--TTTCCTTTTGG-AAA-CGGG---GCAGCGTATA------------------------------------------GTGACTCGTGAC-----
342,-------------------------------TTTCGCCA--TCTTTAGGCGT-TAA-CGGG---GCAGCGTATA------------------------------------------GTGACTCGTGAC-----
351,---------------------TTTCGCCATCTTTTCTCACACCGTAC--------T-CGGT---AAGGTTGTTA------------------------------------------GTGACTCGTGAC-----
545,---------------------TTTCGCCATCTTTTCTCACACCGTAC--------T-CGGT---AAGGTTGTTA------------------------------------------GTGACTCGTGAC-----
546,---------------------TTTCGCCATCTTTTCTCACACCGTAC--------T-CGGT---AAGGTTGTTA------------------------------------------GTGACTCGTGAC-----
547,---------------------TTTCGCCATCTTTTCTCACACCGTAC--------T-CGGT---AAGGTTGTTA------------------------------------------GTGACTCGTGAC-----
548,---------------------TTTCGCCATCTTTTCTCACACCGTAC--------T-CGGT---AAGGTTGTTA------------------------------------------GTGACTCGTGAC-----
549,---------------------TTTCGCCATCTTTTCTCACACCGTAC--------T-CGGT---AAGGTTGTTA------------------------------------------GTGACTCGTGAC-----
550,---------------------TTTCGCCATCTTTTCTCACACCGTAC--------T-CGGT---AAGGTTGTTA------------------------------------------GTGACTCGTGAC-----
551,---------------------TTTCGCCATCTTTTCTCACACCGTAC--------T-CGGT---AAGGTTGTTA------------------------------------------GTGACTCGTGAC-----
552,---------------------TTTCGCCATCTTTTCTCACACCGTAC--------T-CGGT---AAGGTTGTTA------------------------------------------GTGACTCGTGAC-----
553,---------------------TTTCGCCATCTTTTCTCACACCGTAC--------T-CGGT---AAGGTTGTTA------------------------------------------GTGACTCGTGAC-----
554,---------------------TTTCGCCATCTTTTCTCACACCGTAC--------T-CGGT---AAGGTTGTTA------------------------------------------GTGACTCGTGAC-----
555,---------------------TTTCGCCATCTTTTCTCACACCGTAC--------T-CGGT---AAGGTTGTTA------------------------------------------GTGACTCGTGAC-----
556,---------------------TTTCGCCATCTTTTCTCACACCGTAC--------T-CGGT---AAGGTTGTTA------------------------------------------GTGACTCGTGAC-----
445,----------------------------------------------T--------T-TCGC---CAGAAGCATA------------------------------------------GTGACTCGTGAC-----
446,----------------------------------------------T--------T-TCGC---CAGAAGCATA------------------------------------------GTGACTCGTGAC-----
447,----------------------------------------------T--------T-TCGC---CAGAAGCATA------------------------------------------GTGACTCGTGAC-----
448,----------------------------------------------T--------T-TCGC---CAGAAGCATA------------------------------------------GTGACTCGTGAC-----
449,----------------------------------------------T--------T-TCGC---CAGAAGCATA------------------------------------------GTGACTCGTGAC-----
450,----------------------------------------------T--------T-TCGC---CAGAAGCATA------------------------------------------GTGACTCGTGAC-----
451,----------------------------------------------T--------T-TCGC---CAGAAGCATA------------------------------------------GTGACTCGTGAC-----
452,----------------------------------------------T--------T-TCGC---CAGAAGCATA------------------------------------------GTGACTCGTGAC-----
453,----------------------------------------------T--------T-TCGC---CAGAAGCATA------------------------------------------GTGACTCGTGAC-----
454,----------------------------------------------T--------T-TCGC---CAGAAGCATA------------------------------------------GTGACTCGTGAC-----
455,----------------------------------------------T--------T-TCGC---CAGAAGCATA------------------------------------------GTGACTCGTGAC-----
456,----------------------------------------------T--------T-TCGC---CAGAAGCATA------------------------------------------GTGACTCGTGAC-----
457,----------------------------------------------T--------T-TCGC---CAGAAGCATA------------------------------------------GTGACTCGTGAC-----
458,----------------------------------------------T--------T-TCGC---CAGAAGCATA------------------------------------------GTGACTCGTGAC-----
459,----------------------------------------------T--------T-TCGC---CAGAAGCATA------------------------------------------GTGACTCGTGAC-----
460,----------------------------------------------T--------T-TCGC---CAGAAGCATA------------------------------------------GTGACTCGTGAC-----
461,----------------------------------------------T--------T-TCGC---CAGAAGCATA------------------------------------------GTGACTCGTGAC-----
462,----------------------------------------------T--------T-TCGC---CAGAAGCATA------------------------------------------GTGACTCGTGAC-----
463,----------------------------------------------T--------T-TCGC---CAGAAGCATA------------------------------------------GTGACTCGTGAC-----
464,----------------------------------------------T--------T-TCGC---CAGAAGCATA------------------------------------------GTGACTCGTGAC-----
465,----------------------------------------------T--------T-TCGC---CAGAAGCATA------------------------------------------GTGACTCGTGAC-----
466,----------------------------------------------T--------T-TCGC---CAGAAGCATA------------------------------------------GTGACTCGTGAC-----
244,-----------------------------------GGACAAGA--GAAAGAG-G-------------------------------------------------------------------TTGA--------
295,-----------------------------------GGCACAGG--GGGAGTG-G-------------------------------------------------------------------TGTTG-------
253,----------------------------------AGTTATAGT--GGTAAGC-G-------------------------------------------------------------------GTTG--------
258,----------------------------------AGTTACAGT--GGTAGCG-G-------------------------------------------------------------------TG----------
267,----------------------------------AGTTATAGT--GGTAGCG-G-------------------------------------------------------------------TTG---------
260,------------------------------------TTACAGT--GGTAGCG-G-------------------------------------------------------------------TTG---------
274,----------------------------------AGTTACAGT--GGTAGCG-G-------------------------------------------------------------------TTG---------
113,---------------------------------GGCACTCAGA--GCGCACG-GCG-----------------------------------------------------------------------------
209,-------------------------------------TTCTGC--GCAGGTA-AGC-TGTA------------------------------------------------------------------------
169,------------------------------------------G--GGAAGCC-AGT-GGTA------------------------------------------------------------CGTT--------
293,------------------------------------ACGCATC--GTTAGTG-AGG-GTGC------------------------------------------------------------------------
298,------------------------------------AAGCAGC--GTTAGTG-AGG-CGC-------------------------------------------------------------------------
302,-----------------------------------TTAGCAGC--GCATGTG-GTG-GCTT------------------------------------------------------------G-----------
309,-----------------------------------TTAGCAGT--GCATGTG-ATG-GCTG------------------------------------------------------------C-----------
285,------------------------------------ATGGAGC--GCTAGTG-ATG-TTTC------------------------------------------------------------------------
271,-------------------------------------TGCAGC--GCTAGTG-TGG-GCTC------------------------------------------------------------GTT---------
273,-------------------------------------TGCAGC--GCTAGTG-TGG-GTCG------------------------------------------------------------TA----------
263,-------------------------------------TGCAGC--ACTAGTG-TCT-GGCA------------------------------------------------------------TGTTG-------
269,-------------------------------------CGCAGC--GCTAGTG-TGA-GGCT------------------------------------------------------------TC----------
272,-------------------------------------TGCAGC--GCTAGTG-TGC-GGCA------------------------------------------------------------CGCGC-------
276,-------------------------------------TGCAGC--GCTAGTG-TGA-GGCA------------------------------------------------------------TTGT--------
251,-------------------------------------TGCAGC--GCTAGTG-TGA-GGCA------------------------------------------------------------TGCTT-------
268,-------------------------------------TGCAGC--GCTAGTG-TGA-GGCA------------------------------------------------------------CGTGT-------
270,-------------------------------------TGCAGC--GCTAGTG-TGA-GGCA------------------------------------------------------------TGTGT-------
292,----------------------------------CCATACAGC--GCTAGTG-TC------------------------------------------------------------------------------
344,-----------------------------------GACGCATA--GCACGTG-T-------------------------------------------------------------------------------
280,---------------------------------TTGTTGCATC--GCATGTG-ATG-----------------------------------------------------------------------------
249,---------------------------------ATGATGCAGC--GCATGTG-TC------------------------------------------------------------------------------
557,---------------------------------ATGATGCAGC--GCATGTG-TC------------------------------------------------------------------------------
558,---------------------------------ATGATGCAGC--GCATGTG-TC------------------------------------------------------------------------------
559,---------------------------------ATGATGCAGC--GCATGTG-TC------------------------------------------------------------------------------
560,---------------------------------ATGATGCAGC--GCATGTG-TC------------------------------------------------------------------------------
561,---------------------------------ATGATGCAGC--GCATGTG-TC------------------------------------------------------------------------------
562,---------------------------------ATGATGCAGC--GCATGTG-TC------------------------------------------------------------------------------
563,---------------------------------ATGATGCAGC--GCATGTG-TC------------------------------------------------------------------------------
564,---------------------------------ATGATGCAGC--GCATGTG-TC------------------------------------------------------------------------------
565,---------------------------------ATGATGCAGC--GCATGTG-TC------------------------------------------------------------------------------
566,---------------------------------ATGATGCAGC--GCATGTG-TC------------------------------------------------------------------------------
567,---------------------------------ATGATGCAGC--GCATGTG-TC------------------------------------------------------------------------------
568,---------------------------------ATGATGCAGC--GCATGTG-TC------------------------------------------------------------------------------
569,---------------------------------ATGATGCAGC--GCATGTG-TC------------------------------------------------------------------------------
255,---------------------------------TTGATGCAGC--GCATGTG-TC------------------------------------------------------------------------------
299,---------------------------------GCCTACTAGC--GGGAGTG-AG------------------------------------------------------------------------------
425,------------------------------------TCCGAGC--CGGTCGA-A-------------------------------------------------------------------------------
426,------------------------------------TCCGAGC--CGGTCGA-A-------------------------------------------------------------------------------
427,------------------------------------TCCGAGC--CGGTCGA-A-------------------------------------------------------------------------------
428,------------------------------------TCCGAGC--CGGTCGA-A-------------------------------------------------------------------------------
429,------------------------------------TCCGAGC--CGGTCGA-A-------------------------------------------------------------------------------
430,------------------------------------TCCGAGC--CGGTCGA-A-------------------------------------------------------------------------------
431,------------------------------------TCCGAGC--CGGTCGA-A-------------------------------------------------------------------------------
432,------------------------------------TCCGAGC--CGGTCGA-A-------------------------------------------------------------------------------
433,------------------------------------TCCGAGC--CGGTCGA-A-------------------------------------------------------------------------------
434,------------------------------------TCCGAGC--CGGTCGA-A-------------------------------------------------------------------------------
435,------------------------------------TCCGAGC--CGGTCGA-A-------------------------------------------------------------------------------
436,------------------------------------TCCGAGC--CGGTCGA-A-------------------------------------------------------------------------------
437,------------------------------------TCCGAGC--CGGTCGA-A-------------------------------------------------------------------------------
438,------------------------------------TCCGAGC--CGGTCGA-A-------------------------------------------------------------------------------
439,------------------------------------TCCGAGC--CGGTCGA-A-------------------------------------------------------------------------------
440,------------------------------------TCCGAGC--CGGTCGA-A-------------------------------------------------------------------------------
467,------------------------------------TCCGAGC--CGGACGA---------------------------------------------------------------------------------
468,------------------------------------TCCGAGC--CGGACGA---------------------------------------------------------------------------------
469,------------------------------------TCCGAGC--CGGACGA---------------------------------------------------------------------------------
470,------------------------------------TCCGAGC--CGGACGA---------------------------------------------------------------------------------
471,------------------------------------TCCGAGC--CGGACGA---------------------------------------------------------------------------------
472,------------------------------------TCCGAGC--CGGACGA---------------------------------------------------------------------------------
473,------------------------------------TCCGAGC--CGGACGA---------------------------------------------------------------------------------
296,-----------------------------------TTGCCAGC--GGCAGTG-AGT-GCAC------------------------------------------------------------------------
287,-----------------------------------TTGCCAGC--GGCAGTG-AGG-CTTC------------------------------------------------------------------------
289,-----------------------------------TTCCCAGC--GGGAGTG-TCG-CC--------------------------------------------------------------------------
259,-----------------------------------ATGCCAGC--GGCAGTG-TCG-CTCG------------------------------------------------------------CTT---------
286,-----------------------------------TTGCCAGC--GGTAGTG-TCG-CTCG------------------------------------------------------------CT----------
305,---------------------TGTCGCGTACGG--------------TTGGT-GTT-G---------------------------------------------------------------------------
254,---------------------GCACGTACCGGG--------------TTTTT-GT------------------------------------------------------------------------------
307,---------------------GCACGTATCGGG--------------TTTTG-TT------------------------------------------------------------------------------
284,-------------------------GAGAGTGT---ACCATGT--GTGTA-----------------------------------------------------------------------------------
300,-------------------------GAGAGTGT---TTGATGG--GTGTG-----------------------------------------------------------------------------------
301,-------------------------GAGAGTGT---TTTATGG--GTGTC-----------------------------------------------------------------------------------
35,----------------------CACCACAATGGTTGATGCCGG--GCCAAGT-GGC-GCAG------------------------------------------------------------CATAC-------
290,---------------------------------GGATTGCAGT--AGGTTGT-GCC-G---------------------------------------------------------------------------
264,---------------------------------GGTTTGCAGC--GCGTAGT-GTC-----------------------------------------------------------------------------
308,----------------------------------TCATGCAGC--GCGTAGT-GTC-----------------------------------------------------------------------------
570,----------------------------------TCATGCAGC--GCGTAGT-GTC-----------------------------------------------------------------------------
571,----------------------------------TCATGCAGC--GCGTAGT-GTC-----------------------------------------------------------------------------
572,----------------------------------TCATGCAGC--GCGTAGT-GTC-----------------------------------------------------------------------------
573,----------------------------------TCATGCAGC--GCGTAGT-GTC-----------------------------------------------------------------------------
574,----------------------------------TCATGCAGC--GCGTAGT-GTC-----------------------------------------------------------------------------
575,----------------------------------TCATGCAGC--GCGTAGT-GTC-----------------------------------------------------------------------------
576,----------------------------------TCATGCAGC--GCGTAGT-GTC-----------------------------------------------------------------------------
577,----------------------------------TCATGCAGC--GCGTAGT-GTC-----------------------------------------------------------------------------
578,----------------------------------TCATGCAGC--GCGTAGT-GTC-----------------------------------------------------------------------------
579,----------------------------------TCATGCAGC--GCGTAGT-GTC-----------------------------------------------------------------------------
580,----------------------------------TCATGCAGC--GCGTAGT-GTC-----------------------------------------------------------------------------
581,----------------------------------TCATGCAGC--GCGTAGT-GTC-----------------------------------------------------------------------------
582,----------------------------------TCATGCAGC--GCGTAGT-GTC-----------------------------------------------------------------------------
583,----------------------------------TCATGCAGC--GCGTAGT-GTC-----------------------------------------------------------------------------
584,----------------------------------TCATGCAGC--GCGTAGT-GTC-----------------------------------------------------------------------------
168,-----------------------------------CCTGCAAGG-AGGTTTA-CCG-GG--------------------------------------------------------------------------
197,------------------------------------------------GGAC-CAT-GTTG---GAGCGGCCCAG----------------------------------------------------------
240,---------------------------------------CAGGT-AGGGGTC-CCG-GTCA------------------------------------------------------------------------
236,-------------------------------------TACAAGG-AACGGTT-ATA-GTGA---AAGGAAACTCG----------------------------------------------------------
275,---------------------------------------TAGGG-TGGGGTT-AGA-GTGG---A--------------------------------------------------------------------
328,-----------------------------------------GGG-TGGATGG-CGA-GTGG---CAG------------------------------------------------------------------
242,------------------------------TACTGCTTTACTGG-CGGCCA----------------------------------------------------------------------------------
278,-----------------------------CTAGCAGCGCCAGTG-AGGCTCG-----------------CGTT------------------------------------------------------------
288,-----------------------------TCGCCAGCGGCAGTG-AGGTTCG-----------------CA--------------------------------------------------------------
345,---------------------------AGGTCAAAGGTGGGTGC-GAGTTTT-TAC-T-----------CGTT------------------------------------------------------------
179,------------------------------CGCCAGATAAGTGG-AGGCTTT-TGC-TAGA---GTTGTCCTTTAA---------------------------------------------------------
233,------------------------------CGCCAGATAAGTGG-AGACTTT-TGC-TATA---GTTGTCCTTGTA---------------------------------------------------------
250,------------------------------TGCAGCGTTAGTGT-GGGTACG-CGT-----------------------------------------------------------------------------
166,---------------------------------GGGTTCGGTGG-AGCGGCG-CGA-----------------------------------------------------------------------------
60,------------------------------------TTACGTGG-AGGTGGG-CTC-T----------------A----------------------------------------------------------
205,-------------------------------------TTTGTGG-AGGTAAG-CTC-T----------------G----------------------------------------------------------
208,------------------------------------TTCGGTGG-AGGTAAG-CTC-T----------------G----------------------------------------------------------
165,---------------------------------TTACAAACCCC-AAACCTT-CTC-TT--------------------------------------------------------------------------
158,-------------------------------------------------GGG-TCT-CCAG---CTGGACGTTA-----------------------------------------------------------
231,-------------------------------------------------GGG-TCT-CCAG---CCGGACGTTA-----------------------------------------------------------
382,-------------------------------------GAGAAG-----CGCG-AAG-CGGC---CTGGTGAAAAGT------------------T-------C------------------------------
277,-------------------------------------------------CTG-CGT-GT-----GTCTTGTGTGCG---------------------------------------------------------
282,------------------------------------------C-----CGTG-TGT-GT-----GTCGTGTGTA-----------------------------------------------------------
297,-------------------------------------------------------T-GTGC---ACAGTGGTTCGG------------------T-------G------------------------------
281,------------------------------------------------GGTG-AGT-GTGG---ACGGTGTTT------------------------------------------------------------
294,------------------------------------------T-----GGTG-TGT-CTGG---GTGGGGTGT------------------------------------------------------------
291,----------------------------------------------------------GTG---TTTGCTTGGCTAT-----------GG---CT-------C------------------------------
246,----------------------AGTA-------------TATCA-AGTGAAT-GGC-A---------------------------------------------------------------------------
306,------------------------------------------TG-AGAGCTT-CGT-ACGG---GAGGT----------------------------------------------------------------
354,------------------------------CAAGAAGAGGACCA-GATAGTG-AG--------------------------------------GT--------------------------------------
380,--------------------C-ATTATGATCCGTAGGAGGAAGA-G---------------------------------------------------------------------------------------
156,--------------------------------AAAGGGCGGGCA-AACTCTG-G-------------------------------------------------------------------------------
133,---------------CTACGG-GTTATGGTTGATTATACGTAAA-AACAGTT-AGG-ATGA---GTTGTTGGTCGTG-----------G--------------------------------------------
199,-----------------------------------GGAGGATCG-GACAGCG-TTA-TCG-------------------------------------------------------------------------
201,-----------------------------------GGAGGATCG-TACAGCG-TTA-TCG-------------------------------------------------------------------------
261,---------------------------------------------------T-ACC-GCAG---CGTGATTAGTGTC--------------------------------------------------------
381,-------------------------------GTCTGTAAGACCA-AGGCTGG-CGG-GAGG---AT-------------------------------------------------------------------
319,-------------------------------TACAGATAGATCA-AGACGTC-TGG-TAGC---CTTGCTGTTGGAT-----------GG---TA-------C------------------------------
504,-------------------------------TACAGATAGATCA-AGACGTC-TGG-TAGC---CTTGCTGTTGGAT--------------------------------------------------------
505,-------------------------------TACAGATAGATCA-AGACGTC-TGG-TAGC---CTTGCTGTTGGAT--------------------------------------------------------
506,-------------------------------TACAGATAGATCA-AGACGTC-TGG-TAGC---CTTGCTGTTGGAT--------------------------------------------------------
507,-------------------------------TACAGATAGATCA-AGACGTC-TGG-TAGC---CTTGCTGTTGGAT--------------------------------------------------------
508,-------------------------------TACAGATAGATCA-AGACGTC-TGG-TAGC---CTTGCTGTTGGAT--------------------------------------------------------
509,-------------------------------TACAGATAGATCA-AGACGTC-TGG-TAGC---CTTGCTGTTGGAT--------------------------------------------------------
510,-------------------------------TACAGATAGATCA-AGACGTC-TGG-TAGC---CTTGCTGTTGGAT--------------------------------------------------------
511,-------------------------------TACAGATAGATCA-AGACGTC-TGG-TAGC---CTTGCTGTTGGAT--------------------------------------------------------
512,-------------------------------TACAGATAGATCA-AGACGTC-TGG-TAGC---CTTGCTGTTGGAT--------------------------------------------------------
513,-------------------------------TACAGATAGATCA-AGACGTC-TGG-TAGC---CTTGCTGTTGGAT--------------------------------------------------------
514,-------------------------------TACAGATAGATCA-AGACGTC-TGG-TAGC---CTTGCTGTTGGAT--------------------------------------------------------
515,-------------------------------TACAGATAGATCA-AGACGTC-TGG-TAGC---CTTGCTGTTGGAT--------------------------------------------------------
516,-------------------------------TACAGATAGATCA-AGACGTC-TGG-TAGC---CTTGCTGTTGGAT--------------------------------------------------------
517,-------------------------------TACAGATAGATCA-AGACGTC-TGG-TAGC---CTTGCTGTTGGAT--------------------------------------------------------
314,-------------------------------------------------------T-AGGG---ATAGGGGATAGGG-----------GG-------------------------------------------
256,---------------------------------------------------------CGGG---GTTTGGGATGAAG-----------GG---G---------------------------------------
241,-----------------------------------------------------------GG---GTTCATCAAGGGG-----------TA---TG-------G------------------------------
239,-----------------------AAATCCAGGGTTGGCCGACA------------------------------------------------------------------------------------------
125,---------------CAGCTC-ATTATTCACGA-ATGATGCACG-AATAGTG-TGA-ACGG---GTTGATTATAGTG-----------GG-------------------------------------------
126,--------------AACCCTC-ATTATCCACCAATGATAGCACG-AATAGTG-TGA-GCGG---GTTGATTATAGTG-----------AG-------------------------------------------
223,---------------CTACCC-ATTATTCACGAATGATAGCACG-AATAGTG-TGA-ACGG---GTTGATTATAGTG-----------AC-------------------------------------------
123,---------------CTCCTC-ATTATTCACGAATGATAGCACG-AATAGTG-TGA-ACGG---GTTGATTATAGTG-----------GC---G---------------------------------------
124,---------------CTCCTC-ATTATTCTAGAATGATAGCACG-AATAGTG-TGA-ACGG---GTTGATTATAGTG-----------GC---G---------------------------------------
127,--------------AGGACTC-ATTAAGCTCGATTGCTCGAACG-AACGGTT-GGC-ACGG---GTTGATTATAGTG--------------------------------------------------------
128,---------------CGCAGC-ATTATGCTCGCATGCCCGAACG-AACGGTT-GGC-ACGG---GTTGATTATAGTG-----------GG-------------------------------------------
10,----------------TAACC-CATTATCTTCGATGTTAGAACG-AACAGCT-GCA-ACGG---GTTGATTATAGTG-----------AG-------------------------------------------
16,--------------CATATTC-ATCATCCTCGACTGCAAGAAAG-AACAGTT-GGA-ACGG---GTTGAATATAGTG-----------AG-------------------------------------------
15,---------------CAAACC-ATTATCCTCGATTGCAAGAACG-AGCAGTT-GGA-ACGG---GTTGATTGTAGTG-----------AG---G---------------------------------------
8,---------------CTAACC-ACTATCCATGATTGTAAGAGCG-GACAGCT-GCA-ACGG---GTTGATTATAGTG-----------GG---G---------------------------------------
12,---------------CTATGC-ATTATCCTTGACTGTTAGATCG-AGCAGTT-GCA-ACGG---GTTGATTATAGTG-----------AG-------------------------------------------
11,---------------CTCGCC-ATTATCCTTGAGTGTTAGAACG-AACAGTT-GCA-ACGG---GTTGATTATAGTG-----------AG-------------------------------------------
14,---------------CTACGC-ATTATCCCTGGTTGTTAGAACG-AGCAGTT-GCA-ACGG---GTTGATTATAGTG-----------AC-------------------------------------------
13,---------------CTAACC-ATTATCCCTGATTGTTAGAACG-AACAGTT-GCG-ACGG---GTTGATTATAGTG-----------AC-------------------------------------------
9,---------------CTAACC-ATTATCCTCGATTGTTAGAACG-AACAGTT-GCA-ACGG---GTTGATTATAGTG-----------GG-------------------------------------------
204,---------------CTAACC-ATTATCCTCGATTGTTAGAGCG-AACAGCT-GCA-ACGG---GTTGATTATAGTG-----------AG-------------------------------------------
157,-------------------------------------------A-GTCGGCC-CCA-GCTG---GTTC--GC-------------------------------------------------------------
193,----------------------------------------ACGG-ACAGTTT-CCG-GAGC---CGTG-----------------------------------------------------------------
190,----------------------------------------GGAG-ACAGGTT-CCG-GATG---CATG-----------------------------------------------------------------
191,----------------------------------------GGAG-ATAGGTT-CCA-GCTG---ATTG-----------------------------------------------------------------
343,-------------------------------------GACGCAT-ATCGTTT-TCG-ATAG---CACGTGT--------------------------------------------------------------
262,---------------------------------GGCAGCTCGGC-CC-------------C---GTTTGCG--------------------------------------------------------------
200,-------------------------------GG-----AGCGAC-ACACAGA-CCT-GTTC------------------------------------------------------------------------
66,-------------------------------GGATCATACGGTC-GGAGGGG-TTT-GCCG---TTTA-----------------------------------------------------------------
192,------------------------------------GGACCGAT-GGAGTGA-ACT-ATGC------------------------------------------------------------------------
196,------------------------------------GGACCGAT-GGAGTGA-ACT-ATGC------------------------------------------------------------------------
304,-------------------------------------------T-GGAGTGG-ACT-ATGT---GGGTA----------------------------------------------------------------
303,-------------------------------------------C-AGTGTGT-CAC-AGCG---GTGTA----------------------------------------------------------------
265,----------------------------------------------TCATGT-AGT-ACGT---AGTGTCGCC------------------------------------------------------------
279,-------------------------------------------G-AGAGTGT-ACT-GTGG---GTGTA----------------------------------------------------------------
283,-------------------------------------------G-AGAGTGT-ATC-GTGG---TGGGTC---------------------------------------------------------------
310,-------------------------------------------G-TGAGTGT-ACT-ATGT---TGTGTC---------------------------------------------------------------
245,------------------------------------------TT-GGGGGGG-AGA-GGTG---GGG------A-----------------------------------------------------------
194,-------------------------------GG---------TA-CGGGGCG-TGC-GGAG---GCA------C-----------------------------------------------------------
195,-------------------------------GG---------TT-CGGGGTA-TGC-GGAG---GCA------T-----------------------------------------------------------
378,--------------------------------G---------TT-CCGGGTC-GAG-GGAT---GTTGCATCCGA----------------------------------------------------------
379,--------------------------------G---------TT-CCGGTCT-CGA-GGGC---GTAGCCA--------------------------------------------------------------
167,---------------------------------------------TGGTCTC-GCG-GTTC---CTGGTTA--------------------------------------------------------------
266,--------------------------------G---------CT-AAGTTTG-CGT-GTGG---GTTC-----------------------------------------------------------------
252,--------------------------------G---------CT-AAGTCCG-CCG-ATTG---GTGG-----------------------------------------------------------------
257,--------------------------------G---------CT-AAGTTCG-CCA-TTTG---GTGG-----------------------------------------------------------------
213,--------------------------------------------G-----------GGATG---TGGGGCGCCA-CC-----------AAGTTAATGTTTGGT-------------TTGGGGA----------
238,----------------CAGGT-C------------------AAAG-----------GTGGG---TGAGGGGACG-CC-----------AAGAGTCCCCGCGGT-------------TACGTGA----------
243,----------------CAGGT-C------------------AAAG-----------GTGGG---TGAGGGGACG-CC-----------AAGAGTCCCCGCGGT------------------------------
474,----------------CAGGT-C------------------AAAG-----------GTGGG---TGAGGGGACG-CC-----------AAGAGTCCCCGCGGT-------------TACGTGA----------
475,----------------CAGGT-C------------------AAAG-----------GTGGG---TGAGGGGACG-CC-----------AAGAGTCCCCGCGGT-------------TACGTGA----------
476,----------------CAGGT-C------------------AAAG-----------GTGGG---TGAGGGGACG-CC-----------AAGAGTCCCCGCGGT-------------TACGTGA----------
477,----------------CAGGT-C------------------AAAG-----------GTGGG---TGAGGGGACG-CC-----------AAGAGTCCCCGCGGT-------------TACGTGA----------
478,----------------CAGGT-C------------------AAAG-----------GTGGG---TGAGGGGACG-CC-----------AAGAGTCCCCGCGGT-------------TACGTGA----------
131,----------------CGACT-AATCATGCTCGAATGTTCGTAAGAACAGT--------------CTGTGCGG----------------G-------TGGAAT-------------ATAGTGAG---------
132,--------------ACTGACT-CATACTGCACGCTTGTCCCTAAGGTAG----------------TTGCGCAG----------------G-------TGGAAT-------------ATAGTGGG---------
90,-----------------ACCG-G---------------------TCCCTGTC-GGTCGAAG---GAGTGGCAC--------T-G----AGGAGAA--T-----------------------------------
215,---------------------------TACAAGGTGGG----------------------A---GGAGGGAGCACCGA----------TGCGGCATATCGTG-------------------------------
48,---------------------------CACAGGCGCGCGA------------------------GGGGCTATGTCCGG----------TGGTGCA--GGCGGA------------------------------
33,--------------------------------------GGCGAAGGGACTAC-GTTGGCCA---TGCGGGTGGGCCGC-------------------TATG--------------------------------
235,-------------------------------------------------------GGATCA---TACGGTCGGAGGGG-TTT-G----CCGTGAACATTCTTC-------------A----------------
229,----------------CAGCT-ATATGTGCTGGACTGAGAGGGGTAGTTTCG-CAGTGAGG---TGTAGG---------------------------------------------------------------
217,-------------------------------------------------------GGGGAA---GACAAGATAGTCGA----------GGGGGACGCGCTCTC-------------AGCCT------------
161,-----------------------TGTATGCTAGCTCGGGGAGAAACATCTTT-G--CGGGA---TAAGGCCGC--CGA----------TAGAGCGGAAGCGAC-------------TTGGTTGT---------
142,---------------------------------------------------------GGCG---TTAAGGATTGGCGGAAAC-G----GGTGGA---TCGCGG-------------ACC--------------
21,----------------------------------------CCCGTACACT------CGACG---TGGTGACGCTGTGG-----------CGTGAGCCTGT---------------------------------
376,-------------------------------AGTTGGCGAAGATCGGTAGTA-CGAGGAAA---TAGGGGGTGAGTGGTGTA-G----GCTTGAAGGTGCCAC-------------GTCGAG-----------
355,----------------------------------------------GCTCTT-A--GGAGG---TAGGGGTTC--CGATCCA-G----GTGGCTGGGTA----------------------------------
375,-------------------------------------------GTGCTTGCG-A--CGAGG---TAGGGGTTC--CGATCCA-A----TGGGCTG--------------------------------------
374,----------------------------------------GGCAGCGAATAG-A--GGAGG---TAGGGGTTC--CGCTCCA-A----GGGC-----------------------------------------
347,---------------------------------------TCTCTTTCTGCGG-A--GGAGG---TAGGGGTTC--CGCTCCA-A----GGGC-----------------------------------------
373,---------------------------------------TCTCTTTCTGCAG-A--GGAGG---TAGGGGTTC--CGCTCCA-A----GGGC-----------------------------------------
121,-------------------------------------CAGGCCATGGATTAT-TGGAGGAA---TGGGCCGTCAGCGCGTGA-G----GTGTGGA--------------------------------------
56,-----------------------------------------------------------------GGGCGAGGACCGGGTAC-T----AGGGGAACACGCCGC-------------ACGCGGG----------
5,--------------------------------------------CACATGTC-TAGCGGCG---TGCGGGAGAAGTGCAAGC-G----CTGTGAGGGTGTG--------------------------------
50,-------------------------------------------------------GGGGCG---TAGTGGAGACCGGGGACA-G----TGGAGTACGTCCAGC------------------------------
198,----------------------------------------------------------------------------GGACCA-T----GGGGGAGCGGCCCGC------------------------------
356,-----------------------------------------CAAATTGATCG-GTGGGGAG---CAACTGAAAGGCGGTTGCAA-----TGCGGA---------------------TGGATGGTACGGTC---
360,-----------------------------------------------------TTACAGTG---GTATCGATTGGGACGTGTGG-----AGCGTC---------------------AGGATGGTACA------
585,-----------------------------------------------------TTACAGTG---GTATCGATTGGGACGTGTGG-----AGCGTC---------------------AGGATGGTACA------
586,-----------------------------------------------------TTACAGTG---GTATCGATTGGGACGTGTGG-----AGCGTC---------------------AGGATGGTACA------
587,-----------------------------------------------------TTACAGTG---GTATCGATTGGGACGTGTGG-----AGCGTC---------------------AGGATGGTACA------
588,-----------------------------------------------------TTACAGTG---GTATCGATTGGGACGTGTGG-----AGCGTC---------------------AGGATGGTACA------
589,-----------------------------------------------------TTACAGTG---GTATCGATTGGGACGTGTGG-----AGCGTC---------------------AGGATGGTACA------
590,-----------------------------------------------------TTACAGTG---GTATCGATTGGGACGTGTGG-----AGCGTC---------------------AGGATGGTACA------
114,-----------------------------------------CCCGACGATGG-AATGGAAG---GGCGGGAGAGCC--GCG-----------------------------------------GTAG-------
4,--------------------------------------------CACGAG---GTAGGGAG---GGGCACACTGCT--ATGCTC-----AGCGCA---------------------GTGAGAGTATGC-----
0,--------------------------------------------CCCCGAGG-TGTGGACA---TAGCGGGCTGGT--GTG--G-----CGCGCA---------------------GTGAGCCTAGTG-----
185,-----------------------------------------------TACGG-ACGGGGCG---TAGCGGATTGAA--CTG--C-----AGAGCA---------------------GAGTG------------
104,--------------------------------CAGCGCGA-TTGGGGGCGTG-ATTGAAGC---TCGGGGTTGGTTA--------------------------------------------------------
117,------------------------------CACAAGGGAA-CAGGCTGCGTG-TGAGAGAG---TCGCGGTAA------------------------------------------------------------
57,--------------------------------------------------AG-ACGCAGTG---TCAGGGTACCACA----------------GACAT------------------GTGGAGTGGCTG-----
219,---------------------------------------C-ACGCTGA-CTA-GCTTCGTG---AGGGGGTGTGATAG------------------------------------ATGCGG-------------
102,-------------------------------------TAC-ACCTATT-ATG-GTTTCGT----GAGGGGTGTGGCTG------------------------------------GTGCTG-------------
105,-------------------------------------TAC-ACCTATA-ATG-GTTTCGT----GAGGGGTGTGGCTG------------------------------------ATGCTG-------------
25,--------------------------------CACGTGAC-CTCAGGA-ATG-GGTTCGA----GGTGGGTGCACCTG------------------------------------C------------------
36,------------------------------CGCACGGAGC-CCGTTAG-GGG-TCCACGG----AGTGGGTGAACCT--------------------------------------------------------
110,-------------------------------------------------CGG-GAGAGGAG---TGGCAGAGATACT---GTGA--------------------------------ATGTAATCTGAG-----
159,---------------------------------AGGATTG-GTTCTGGGTGG-GTAGGAAG---TTAGTGTGAGCCG--------------------------------------------------------
160,---------------------------------TTGATCG-GGGCTGTGCGG-GTAGGAAG---TAATAGTGAG-----------------------------------------------------------
30,-------------------------------GCGACGGAT-TTAG------G-TGTGTTAG---ACAGGGTCGGGA------ATA----------G------------------AT-----------------
203,--------------------------------------------------TG-TAGCCTTC---TGAAGGTTGGCTGG---------TTCGGCGAGGT------------------GGGAA------------
22,------------------------------------------CA-------G-AGATGGGG---TGTGATCTGGGTTG------A-TAACACGGAGCGGTC--------------------------------
118,------------------------------------------------------CAGGTCG---TTAGGCGGGAGA-------------TAACAAGGTGAAGCGGTA---------G----------------
53,---------------------------------------T-G---------C-AGCGGCTG---CGCGG----GTATCCGGT----------------------------CTCCAGGGGACGCTT--------
332,------------------------------GGGACCGTAG-ACCACGT-GCG-GAAGGTGG---TCACGG----------------------------------------CTTGCTGTACG------------
214,-----------------------------GTA--G----------------G-GTTGGT------------------------------AGACCAGGTTGAGCCGGC---GTCCTTGTTTA------------
164,---------------------------------GTGGAAC-CCATGA----T-GAGCCGAG---TTGGGGTGTGTCTC---TCGTATATGGCGGAAGTGGGACAA---------TAGTTGAGT----------
120,---------------------------------------C-CCACCGGTAGG-GCTACGGG---CAAGG------------TCAA-CATGCCGCAAGTGAGGGGTCG-------A------------------
63,------------------------------------------------------------------------------------------CCCGAGGAGGGGCGGGGGGACTTGGTGTGGAGTTTCATTC---
6,------------------------CCAAGGCAGAGCGTAG-CCAG----------ACAGCC---GGGAG---------------------------GTTCGCAGTGA---GTGAATGG---------------
163,--------------------------ATCGGACAAGGGAG-GCACTGGAGGT-TGAGGTAG---TGAGCGTTGGTTAACGCCGGA-CAAAGGGAAGCATGGT-------------------------------
68,---------------------------AGGATGTGGGGTT-TTGCCCGAGGG-TATGGCAG---TGGGG--------------------------------A-------------------------------
150,-------------------------------------------CGCTACAGT-TAAGGGAA---CCAAGGCGGGTGTCCGGTAGAGCTTACCCAAGCAGGGGCGTGA---CGTCTTGTGGTGT----------
186,----------------------GG----------GGCAGT-AGGAGGTTAGG-CCAGGGAG---AGAGG-------------AAGGTAGG-------------------------------------------
148,-----------------GAGC-CTGTTAGGAAGAGCTTAC-C-CAAGAAGGG-GTGGAGCC---GCGACGTTAGTGTCCGGCGGCATTGGTCAAAGC------------------------------------
19,--------------------C-CGACGAGGTGAGGGGCAT-GCGGTACACGC-GCATATAG---TGAGGGGTCCA----------------------------------------------------------
220,-----------------------TG--------------------------C-ACGGGGGG---TGAGGTTTCCGCCGTTGAAACGTAGCACG----------------------------------------
134,--------------------------------------------CGGTAAGG-CCAGGGCG---TGAGGGTCCGCTTCC------------------------------------------------------
137,-------------------------------------------AGTGTGCTG-CTAGGGCG---TGAGGGTCCGCTTCC------------------------------------------------------
138,--------------------------------------------CCGGCAGG-CAAGGGTG---TGAGGGCTCGGTTCC------------------------------------------------------
111,------------------------------------------------CAGT-GCAGGGCG---TGAGGGCTCGGTTCCCGTATTATCT--------------------------------------------
112,------------------------------------------------CAGC-GCAGGGTG---TGAGGGCTCGGTTCCCGTATTATTT--------------------------------------------
136,--------------------------------------------CCTATGGC-CCAGGGCG---TGAGGGTGCGGTTCC------------------------------------------------------
224,--------------------------------------------CCTGTGGC-AAAGGGCG---TGAGGGTACTGTTCC------------------------------------------------------
222,-------------------CA-GTGCAGGGCGTGAGGGCT-CCATCCCCAGT-GCAGGGCG---TGAGGGCTCGG----------------------------------------------------------
135,--------------------------------------------CATTATGC-GAAGGGCG---TGAGGGTTCCGTTCC------------------------------------------------------
225,--------------------------------------------CATTATGC-CCAGGGCG---TGAGGGTGCGGTTCC------------------------------------------------------
139,--------------------------------------------CCGTAGGC-AAAGGGCG---TGAGGGCTCGGTTCC------------------------------------------------------
122,--------------------------------------------CCGTAGGT-GAAGGGCG---TGAGGGTTCCATTCC------------------------------------------------------
221,-------------------GA-CGCCACCGAAGTCGCCAT-CTCCCGTAGGT-GAAGGGCG---TGAGGGTTCCA----------------------------------------------------------
211,-----CTTTACGG---TAGGGTGCCTGTGA-----------------------TAATGATCA-----------GGGG-----------AC--GGC--------------------------------------
97,----------------AA--------------GGCAGCAGG-CG-GCATTTTTTGTCCGTAC------GTTCTCCTA-----------TA-------------------------------------------
357,CCATTCTCCTCTG-------------------CTGGACTAT-TC-GGGTCTTTGTTCTCTCATGGT-----TGTGT---------------------------------------------------------
119,----------------------CACGGCAA--CAGCAACAG-CA-GTGCG---------------------AGAGAG-----------AC--GCGGTAG----------------------------------
227,TCACACATCTCTG---AAGTAGCGCCGCCGTATGTGACGCT-AG-GGGTTCGCCT------------------------------------------------------------------------------
162,---------TGAA---TAGGGTCTCGGGCATAAATTACGGA-AA-CGGTTTTAATTTTCTAGTGGAAAGGTCCGATA-----------AC--GAGGT------------------------------------
187,----------------------GCCAGCGATCAAAGACGGC-GA-GTTGTACCCATAGGTGT---------CT------------------------------------------------------------
49,------------------------CGGAAG--GATGACAAG-GA-GCGTAGCTGATGGGGAC---------TCAGAC--------------------------------------------------------
174,-------------------------GGCCA--TATAACTCG-GA-GAGTTTCCTAGAGCTGT---------GCGTGA-----------A--------------------------------------------
180,-------------------------CCCTA--TACAAGTGG-GA-GGATTAGCCATAGGCGT---------GGGGCA-----------A--------------------------------------------
234,-------------------------CGCCC--GTTGGCAGG-GT-GCGCTTGTTATCGTTGT---------CCTGCA-----------G--------------------------------------------
183,-------------------------AGGCA--GAAAAGTGG-GT-ACTCTTGTTAGAGCTCT---------ACATAT-----------A--------------------------------------------
181,-------------------------GGCTA--GAATAGTGG-GG-GCGATTGATCTAGGGGG---------CGCTTA-----------A--------------------------------------------
182,-------------------------CCCTA--GATAAGGGG-GT-GCGTATTCTTTGGGTGC---------CCCGAA-----------A--------------------------------------------
171,-------------------------CGATA--GATAACGGG-GT-GGATTTGCAACCGCAGT---------ACATAT-----------A--------------------------------------------
172,-------------------------GGCTA--GAGAAGCGA-GT-GTGTTTGCTACAACGGG---------CCGTTA-----------A--------------------------------------------
232,-------------------------GGCTA--GAGCAGCGG-GT-GTGTTTGCTATACCCGG---------CCCTAT-----------A--------------------------------------------
176,-------------------------GGCTA--GAGAAGCGG-AT-GAGTTTCCTATAGATAT---------CCGGCC-----------A--------------------------------------------
170,-------------------------CGCTA--GATACGTGA-AT-GTGTTTGACAGAGCCGG---------TCATCA-----------A--------------------------------------------
173,-------------------------CGATA--GATACGTAG-GA-GCGTTAGCTATAGCCGT---------ACATAG-----------A--------------------------------------------
177,-------------------------CGCTA--GATAAGTGG-GC-GCGTTTGCTGTAGTTGT---------CCTACG-----------A--------------------------------------------
178,-------------------------CGCTA--GATAAGTGG-AT-GCGTTTGCTGTAGTTGT---------CCTTCA-----------A--------------------------------------------
327,-------------------------GATAAAGGTGATTTTAGAC-TACACTGAGTTAGCTA--ATCTCGTGAC------------------------------------------------------------
367,------------------ATC-CATGATGACGACTCCATTG-GA-GTCGGGAAGTTGGAAA--TGCCGAATGCGGTA-----------A--------------------------------------------
108,-----------------------------AGGGAGCGGTGT-GG-CACAGAC---AGGGTA--TTAACTCTGTGAG---------------------------------------------------------
145,--------------------------------GGACAATGG-CA-CACAGTG---TGGTCA--GGAACTAGGTGATA--------------------------------------------------------
371,--------------------T-TGTATTAGCTACACTGTTA-GT-GCATCGT---TTTT---------AATCTCG----------------------------------------------------------
29,-----------------------GATGTGGTCCAGCTGATA-GG-GCAGCGT---TAGG---------CATACGTTG--------------------------------------------------------
313,-----------AA--ATCGAC-CAATGCCATTAAGCTCCTA-TG-TGTTCTT---ACTA----------GTGAC-----------------------------------------------------------
368,------------G--GAACCA-AATATTGTAAATATTCATG-GC-TGGCGGG---AGGATG--CACGGAGTTCGGTA-----------A--------------------------------------------
369,------------A--GAAGTG-CACTTTGATTAAGTGCAGC-CT-GGTGAAT---AGTTCG--CATGGAGTTCGGTA-----------A--------------------------------------------
67,----------------------------AATGATGCTTGAC-AG-GGTCTAT---AGTTTC--TATGTAGCCCGA----------------------------------------------------------
94,----------------------------AATGAGGCTTGGC-AG-GGATTTA---GTATTT--TAACACTCCCGG----------------------------------------------------------
85,-------GT---------------GAGAGCAATCA-CTTTGGGT-AGGTACG-GGTGAACG---C---GCT--------------------------------------------------------------
184,-------------------------GGAGAGCTCG-TGTGTGAG-AGCATTA-AGTGAACT---G---ACTG--GT---------------------------------------------------------
366,--GTCCCGGTCGC-----------GAGGGCGTCTCTGCAATAAG-CTGTGAA-GCCGCACG-GAGTTCGG-----------------------TAA-------------------------------------
43,-----------------------------GCAGTGCAAATGAGT-AAGGAC-----TGATA-TCAGTCAC------T-----------AC--GAA--------------------------------------
218,--------------------------------CAGCGCGATTGA-GTGCGTG-ATTGAAGC-TCGGGGTTGGTTA----------------------------------------------------------
44,-----------------------------GCAGTGCTAATGAGG-GTGTGGC-AGAAGCTA-TACAGCCG------------------------AA-------------------------------------
129,------------C-----------GACTGGTTTTGCTCGTTTCT-TCGTAGG-AACAGATG-TAATGGGTTGATATA-----------GT--GGCG-------------------------------------
130,------------C-----------GACTGGCTCTGCTCGTTTCT-TCGAATG-AACAGATG-TAGTGGGTTGATATA-----------GC--GCG--------------------------------------
151,------------------------------TTTT-----------GTCAGCG-ACTCGAAA-TAGTGTGTTGAAGCA-----------GC--TCTA-------------------------------------
152,---------------------------TAGTTCT-----------ACCAGCG-GTTCGAAA-TAGTGAAGTGTTCGT-----------GA-------------------------------------------
322,--------------CCGACTG---GAA---------CCATTGGT-ACCCTTT-AGC-AAGG--AG---CATAATGTG-----------AC-------------------------------------------
377,--------------------------GTTGTCATTGGCACACGG-AGGTTTA-CTG-AGTG--GTAACCACGTTGCA-----------TG--GAA--------------------------------------
358,-----------------TCTT---CGATAGTT----AAAATAGT-GACTTCT-ATA-TTAA--GTCGCCTCATTGTT-----------GA-------------------------------------------
146,--------------------------------TTCAGCGATGCA-CGCTTGT-TTT-AATG--TTGCACCCATGTTA--------------------------------------------------------
95,--------------ACCGCGG---GAGCTACGTTA-GTGGTAAC-TGCTTGT-AGG-CGAG------------------------------------------------------------------------
98,--------------ACCGCGG---GAGTTTCGTTA-GTGGTGAC-TGCTTGT-AGG-CGAG------------------------------------------------------------------------
2,---------------CCACGT---GCGAGGTTAGA--CGTCAGT-GGCTGGT-GTT-CGCA--GTGAGCCTATTG----------------------------------------------------------
62,---------------CCGCTC---CGATTGGTGAAGTCTATTGG-GGCCTGT-AGG-CGAG------------------------------------------------------------------------
216,---------------CCGCTC---CGATTGGTGGAGTCTATTGG-GGCCTGT-AGG-CGAG------------------------------------------------------------------------
101,---------------CCGCTG---CGGAGGTTGTACGCGTCTGT-GGCTTGT-AGG-CGAG------------------------------------------------------------------------
336,------------------GCACA-GGGGTATAATTGCCTCGTAC-AACTTTA-TGTCCGAA------------------------------------------------------------------------
331,--------------------CGAAGTACGTTTGTCGTTTGT--------TAG-T-TAACGA--ACGGGGCTG--GTG-----------AC-------------------------------------------
212,-----------------------TGCGTTCTGATGAATTGCACA-TAGCTT---------A--TAGTTCCTTGCT----------------------------------------------------------
65,---------------------TAACCGTGGTTACCGTAAGCGCG-GGGCTTA-T----------AGGGGAT---T----------------------------------------------------------
323,-------------------------TCTGGTTGCTGATTCGTAT-GATTGTC-TTAACTAC--AGGAGC-----GTG-----------AC-------------------------------------------
141,-----------------------------CTAACTGTC-------AGATTCA-TCTAAAGA--TGGGGGGTTGTTTG-----------AC-------------------------------------------
99,------------------GTA---GAGTGGTTCCGGTTATCGCC-TTA-------G--ATA--CCATTGCTGT------------------------------------------------------------
27,-------------------------------CGTGGTTTCCGGA-ATGCCTA-GCGTTCAA--GTGTGGATGCTT----------------------------------------------------------
247,---------------CACGTCCATCTCTGCAGTCGGGTAGTTAA-ACCGACC-TTCAGACA--TAGTGAGT--------------------------------------------------------------
248,--------------------------CATTTCTCGCTTTGCTGG-ATGTTAC-TTTT----------------------------------------------------------------------------
441,--------------------------CATTTCTCGCTTTGCTGG-ATGTTAC-TTTT----------------------------------------------------------------------------
442,--------------------------CATTTCTCGCTTTGCTGG-ATGTTAC-TTTT----------------------------------------------------------------------------
443,--------------------------CATTTCTCGCTTTGCTGG-ATGTTAC-TTTT----------------------------------------------------------------------------
444,--------------------------CATTTCTCGCTTTGCTGG-ATGTTAC-TTTT----------------------------------------------------------------------------
324,---------------------GAACAATGCTCATGGTTTGATGA-CTGTTGA-TTGTGCGC--TTGTACG---------------------------------------------------------------
41,------CGTGGGAG------------CCATTGGGAGGGGCT-----------------------GAGAACATAAGTC-----------AC--GA---------------------------------------
64,----AAGGGGAGGG------------CCGATTGGCATTATC-----------------------GGCGTCTTAGCTC-----------TA-------------------------------------------
61,------ACGGCGAG------------TTTCATGGAGTGATT-----------------------GGGAGGTTAGCTC-----------TA-------------------------------------------
210,----ACGGGGCCGG------------TTTGCGTGCCTGATT-----------------------GGGAGGTTAGCTC-----------TA-------------------------------------------
46,----------------GACGACAGCGGTTCCCAGCTCAGTA-----G-----------------TGATAGTTTACTG-----------C--------------------------------------------
106,---------------CCTGTACTGCGCTGCTCAAATCAGCC-----G-----------------GGTGTGTGAACTC--------------------------------------------------------
228,TAGCAGGGGGGGAAAAAAGTCTATCGCGTAATAGATACGACGACTGTCTGAG-ATTAGCCA---AGAAGCTGTGGTC--------------------------------------------------------
109,--------------------------GTGGGAGGACGCGTC----AGTAGTT-ATG-ACCTGCCTGAGTGCT-------------------------------------------------------------
1,---------------------CATCGGTGTAGCGATGCACGGGCAAAGATAC-ATTCGCAG---TGAGGGTGCGG----------------------------------------------------------
3,--------------------CCGACGCGTCCAGGAGGCAAG-----GGCTAT-ATGCACCGCAGTGAGGGCTCGG----------------------------------------------------------
40,---------------------------CGGGAGGAGGCAAA-----GGCTAG-TTTGTCGGATAGGAGGCCCT------------------------------------------------------------
325,----------------TG------CTTCGCAGTAGGCCAATTATCTCATTCT-AC----------CTGCTTGTCGTG-----------A--------------------------------------------
330,---------------------------------GGGCCACATAACTGATCCT-TAAGGCCT--ATGAGATTGTTGTG-----------AC---------G---------------------------------
7,---------------GTA------GCCACATTAGTGCGCTGCAACTGCTATG-CAA-CGCA--GTGAGAGGGTGC----------------------------------------------------------
206,-------------------------CCCGTACGCTGCCATGGCGCCATTCTG-GCA-CGTA--GTGTTG----------------------------------------------------------------
89,----------------------------ACTATACCACCGAGATTCGAATTG-GAG-CAGT---AG----TGGCTTG--------------------------------------------------------
326,----------------------------CTACCTCCACATTGAGCCGAATTG-TCG-CCTA--TTGATACGGGTACG--------------------------------------------------------
352,-----------------------------CACCAGGAAATAGAGACAAATTA-GCA-GGTA--TTGTAACTGGTTAG-----------AA---------CGAT------------------------------
363,--------------------------GATGAGAGGACCAATCACACAAATA------T-------GTGAGGTGCTGG-----------AC--TCCAGCGGGA-------------------------------
55,-----------------------------------CGAAGACGAGGAGTAA------CCTT--AGATGAAGGTGGGG-----------AC--GATT-------------------------------------
370,--------------------------GCTAAGGGGGTCAGACGCAAAGTCG------AGTT--GCATAACTCCAGGC-----------AC--GGAATGCGGTA-------------A----------------
312,-------------------------------CACTCCAACGGGGATTATGA------CATA--GTCCCACTATGGTG-----------AG-----TGCG----------------------------------
315,---------------------------CCAATTACGGAATAAGTGAAATGT------CTTA--GACCTACTATTGTG-----------AC-----G-------------------------------------
45,-----------------------------------GAC---------GGGT------GGGG--AAATCAGCCTGTAT-----------TGGGTTCAGAGCGGA------------------------------
107,------------------------------TGTATGTG---------GGGG------GTGT--GTATCAGTCTACTG-----------TGGCTTAAGC-----------------------------------
353,---------------------------TCGTGGGACAATCACACTTGATCA------TGTC--ATGTTCCTGTGTAC-----------CACTGAAATAGTG--------------------------------
318,--------------------------CGCATGTATCCCAGAGACTTACTGG------CCTG--ATGCTAGCGGTGTG-----------AC-------------------------------------------
23,-----------------------------------CCCGTACACTTAGAAT------GGTG--CAGCCAGCATGCTG-----------TACAGTA--------------------------------------
17,-----------------------------------CACGTGGACTTGGCAT------GGTC--CCAGCGCTAGTTTT-----------AAGCGC---------------------------------------
59,-----------------------------------CACGTACACTTGGTAT------GGTG--TGACACCTCAGCTC-----------ATACAT---------------------------------------
58,--------------------------------CATGCGTGTTGCGTGGATAC-GAG-GCTA---TTCAGAGGGTAAA--------------------------------------------------------
37,-------------------------C----CGGGCATCAAGTGCGCAACGAT-GAC-GAAA---TCGGGTGGGT-----------------------------------------------------------
333,-------------------GC-GGGC----CCCAATTCATTGGCTTAACTAC-GAG-GACG---TCCAG----------------------------------------------------------------
226,-----------------------------------------AGGGACAAACC-ATA-A-GT---CGCATCGGGTGGA-----------AC--GTAG---AC-C------------------------------
47,------------------------GACACCGAGCAGAGGACCG----------------GA---CCTAGTTGGTAAA-----------AG--GTAA-------------------------------------
28,-------------------------CCGCGAGGCCGTGGCCCGAGTTGGTCA-AAG-CACA---ACGAGT---------------------------------------------------------------
143,-----------------------GGCCGCTCACCCGTAGAACGGGTTGGATC-CTA-GGGG---AC-------------------------------------------------------------------
361,-----------------------TGTCTCTGACCTCTAGAGTGGAGCAAATC-GTA-AGGA---TCCAGTGGACGAA-----------A--------------------------------------------
51,-----------------------------------GTTAACGCAGGGCGTCG-TAC-TACA---TCCTTGTGCAGCT-----------AC--G----------------------------------------
147,-----------------TA-----------CAGCGATTAACGCTTATTTTAG-CGT-TACA---CCCATGTTA------------------------------------------------------------
329,-----------------ATTA-GCGTA---CACATTTCATCTTACGACCCTT-GTT-TACC---C---------CGT-----------AC--G----------------------------------------
320,----------------GCACG-TCGT----TTCTATTTAGGAAAGAATTAAC-CTA-GGCC---T---------GGT-----------AC--G----------------------------------------
39,-------------------CA-GGGGGAGCGAGCACTAATACAAGCGGGTAG-GAG-GCCC---T--------------------------------------------------------------------
54,--------------AGACCCA-GTGTTCTCAGCCGCCCGCCGCAGCGGGGAG-GTA-----------------------------------------------------------------------------
237,--------------------------TACAAGCCCCCCCCCCCCCCGGTTA----------------------------------------------------------------------------------
335,---------------------------ACCGTC----ACAAAAGACTG---T-AGT-TAAT---ACCACTGCAGGTC-----------GT-------------------------------------------
31,-------------------------GCAGCGGG----GAAG--------------G-CACT---TCCAGGCAGGGGG-----------GA--AAAA---CAA-------------------------------
20,---------------------------CCCGTG----ACATTCATATG---G-GGT-CGGT---TCCAATCGCGAAT-----------TA-------------------------------------------
383,--------------------------------------------TAAG---G-GGT-CAGC---TGAAACAGCGAGT-----------TT--AACAAATCCAG------------------------------
18,----------------------CCCGTACAC------GACTGTGGTGT---T-GAA-CGGC---TGCTAGCCGGCA---------------------------------------------------------
38,------------------------CGCACGG------TCTGGTGTGGA---A-GCC-AGGT---TGCCTCCCTGCAA-----------A--------------------------------------------
34,---------------GAACGT-GAGGTGCGG------GAATTAATCAC---A-AAC-CGGA---AACGGA---------------------------------------------------------------
52,--------------------T-GAAGCGCGT------TATCCATGCAA---A-AAA-TGGA---TCCGGTACCAAC---------------------------------------------------------
362,------------------------GAGTAATAGTCAAGATATAACCAG---A-CAA-ATCC---TTCTGCACGGAGG-----------AC---AA-------A------------------------------
188,--GA-----------GAGTGT-ACGGTTACG-------CACTAGCTAA---C-AGG-A-GT---TCGTGC---------------------------------------------------------------
365,------------------GTT-GCGGGTCCAGGAAATTATAAAGCCTC---T-CGG-GTTT---TTTCGCACGGATT-----------CG--GTA-------A------------------------------
230,----------------------------------------CTACCCTC---A-AGC-GACT---TCTCTCG--------------------------------------------------------------
144,-------------------GT-CCAAGTGC-----------AAAAGTC---T-TGA-AGCC---ACTGCTAGGGCAC--------------------------------------------------------
317,-------------------GT-GCGACAACTCGAGACGCTTTATGCTG---T-TTA-AATT---TTCCGTGAC------------------------------------------------------------
175,-----------------GGCT-AGGGAAGCGGCT-------------A---C-GTA-CACC---TCAGCGGGCACAT-----------A----A---------------------------------------
32,------------------------------CGAGGCGTAGGTTAATTA---C-AAA-CGGC---TCAGACAACGTAT-----------G--------------------------------------------
346,--------------------------------------CGATACTCTC---T-TTG-ACGT---TCGTATAAACGAG-----------A----CA-------A------------------------------
334,-------------------GT-ACGGACGTCAGTCACGAGGCAGCTGC---T-TTG-CCAA---ACTG-----------------------------------------------------------------
311,---------------------------------CGAGTAAATCAATGA---C-CTT-CATC---TCCCTAAACACAC--------------------------------------------------------
364,----------------------ACGGAACCAGAGGACGAAATAGATGA---C-TTG-AAAA---TCCAATAACGTAT-----------C----CA--------------------------------------
348,----TAATACGG----GAGGT-TCACTATATGAAATAACAAGACCCGAAC-----A-AGGT---TG----A--------------------------------------------------------------
140,-------------------------CTACAGGACCCGCGCAAAAGTGATTTC-AGA-GGTA---TG----GGTG-----------------------------------------------------------
349,-----AATAC--------GAG-TCACTATAGGAAGATGGCGAAACATCTTTA---------------------------------------------------------------------------------
24,-----------------------CCCGTGCACTCTATGATGGTGTCCCCT-G-ATA-CCAA---C-----AGGG-----------------------------------------------------------
82,--------------------------TTTAGTCAGGAGTAGACATCGAT--G-ATT-GCTA---AT----CGAACCT--------------------------------------------------------
77,--------------------------GTGAGAGCAATACGTATGAAGAT--A-TTG-AAGT---TT----CGCGCCT--------------------------------------------------------
86,--------------------------GTTAGAGCCAAACACGTTTGTGT--C-AGC-GGGT---TT----CGCGCCT--------------------------------------------------------
87,--------------------------GGAAGAGCAATGTACTCCGACGT--C-AGA-GGAT---AT----CGCGCCT--------------------------------------------------------
103,----------------------------CAGAGCCCCTTACGTACAGCCTTT-TTA-GGTA---AC----CGGGGAG--------------------------------------------------------
70,--------------------------GTGAGAGCAGGTTTGGCACGCGT--G-CCA-CTAA---CC----CGCGCCT--------------------------------------------------------
73,--------------------------GTGAGAGCAAGCGAGGGATACAT--G-AAC-CGAA---AC----CGCGCCT--------------------------------------------------------
74,--------------------------GTGAGAGCAGTAAACGGAAGGCC--T-CTT-CCTG---TC----CGCGCCT--------------------------------------------------------
78,--------------------------GTGAGAGCATCACTGTAACCGCC--G-TGC-GGTG---GA----CGCGCCT--------------------------------------------------------
81,---------------------------TGAGAGCATTTCCGGCGGAGCT--C-TAC-GGGG---GC----CGCGCCT--------------------------------------------------------
189,----------------------------CCGGGCTGCGAAGTTGGCGATAAG-CTA-CCGT---AG----------G-----------AC--GCTT-------------------------------------
96,----ACAT--------------------GTGCGGTAATGAGGCGTAGACAAA-TAG-AGAT---AC----------C-----------T--------------------------------------------
42,-------G--------------------CAGTGCAAATGAGGCATGGAGAAA-CTA-CTCT---AT----------G-----------CT--GAA--------------------------------------
207,-------G--------------------CAGTGCTAATGAGGTATCGCAAAT-AAG-TGCG---CA----------G-----------CC--GAA--------------------------------------
91,---------------------------------------GCACGGCCG--GA-TTG-GGGG---GCCCAATGACTTG-----------AT--CATT---GC-T------------------------------
202,-------TAGGT-----------------GATTTCCACGATTATGCGG--AA-ACA-GGGC---AGCGT----------------------------------------------------------------
316,-----AAGTCCA-----------------ACCATCCTCAATAGTGCGG--GA-TTA-GGGC---ACCGTGTGAC-----------------------------------------------------------
88,---------------ACGCC-------CACCATTTAAGAGCATCGCCGGAAT-AGC-GGGG---ACT------------------------------------------------------------------
115,---------------CAGCC-------TACGGGTAACAAGGTGCGAGAGATC-AGC-GGCA---G--------------------------------------------------------------------
116,---------------CACGA-------GATGTTTACCACGCTGCGGGAGATT-AGC-GGTA---G--------------------------------------------------------------------
80,------------------GG--------GAGAGCAGCGATGCAAGAC-------AT-TGGG---GCGGAGCCGCGCT--------------------------------------------------------
79,------------------GG--------GAGAGCAGTTATGATG-CA-------TG-AGCC---ATTGACCGCGCCT--------------------------------------------------------
84,------------------GG--------GAGAGCAGTTATGACG-CA-------TA-AGCT---ATTGACCGCGCCT--------------------------------------------------------
83,------------------GT--------GAGAGAACCGCGGTGTAGA-------CA-CAGA---TCGCGGCGCGCCT--------------------------------------------------------
76,-----------------ACT--------GAGAGCCTCGATGAATGCC-------TA-ATTA---TATCGTCGCGCC---------------------------------------------------------
72,------------------GG--------GAGAGCTAGGAGGCGCTGA-------GT-CTCG---GCTCCTCGCGCCT--------------------------------------------------------
69,------------------GT--------GAGAGCCATTGTGCATTGT-------GG-TGCA---ACTGTACGCGCCT--------------------------------------------------------
71,------------------GT--------GGGAGCCTGATGGAAGAAT-------GG-GAGA---ACAGCACGCGCCT--------------------------------------------------------
75,------------------GT--------GAGAGCATGTGGCACCCTG-------GC-AGGA---ACCTAACGCGCCT--------------------------------------------------------
26,----------GG-----------------AACG------CAGTCGCACGTGA-CTA-GGGA---ATCGTATCCTCAT-----------G--------------------------------------------
93,-------------------AC-------ACGCGTTACGGACTGAGCAGATTC-AGG-CCAA---ACTGCCT--------------------------------------------------------------
92,----------------ACGCG-AGGG--GAGTTCAATCGCTTGTTCGGCAAG-GTC-GGGA------------------------------------------------------------------------
321,--------AAGTAATAAATCG-ACGACAGATTGGTTTTTTATACCCA---CG-GTA-CG--------------------------------------------------------------------------
100,--------GCGGGGTTAAGCC-ACGAATGCGGGGCAAAGCGTACCCCCT------------------------------------------------------------------------------------
149,-CGTCAATTTGTATTCAAGCG-GCGACTGAAGGTTAAAGCTTACCCAAGAAG-GTG-CGGA---ACTGCCCGGCCAT-----------CT--CA---------------------------------------
